Id,ParentId,Errors
0012200000VBjLwAAL,,
0012200000VBjMYAA1,,
0012200000VBjMoAAL,,
0012200000VBjN7AAL,,
0012200000VBjN8AAL,,
0012200000VBjUyAAL,,
0012200000VBjVRAA1,,
0012200000VBjWQAA1,,
0012200000VBjg4AAD,,
0012200000VBjgDAAT,,
0012200000VBjhmAAD,,
0012200000VBji0AAD,0012200000VBjb8AAD,
0012200000VBjbdAAD,,
0012200000VBjhwAAD,,
0012200000VBjmPAAT,,
0012200000VBjmoAAD,,
0012200000VBjnVAAT,,
0012200000VBkCQAA1,,
0012200000VBkHZAA1,,
0012200000VBjmlAAD,,
0012200000VBkStAAL,,
0012200000VBkSxAAL,,
0012200000VBkSyAAL,,
0012200000VBkW2AAL,,
0012200000VBkWMAA1,,
0012200000VBkWdAAL,,
0012200000VBkX5AAL,,
0012200000VBkXBAA1,,
0012200000VBkXXAA1,,
0012200000VBkXnAAL,,
0012200000VBkXzAAL,,
0012200000VBkYQAA1,,
0012200000VBkYkAAL,,
0012200000VBkYlAAL,,
0012200000VBkcHAAT,0012200000VBjNIAA1,
0012200000VBkcxAAD,,
0012200000VBkdlAAD,,
0012200000VBkeEAAT,,
0012200000VBkeGAAT,,
0012200000VBkeVAAT,,
0012200000VBkiQAAT,,
0012200000VBkkCAAT,,
0012200000VBkkDAAT,,
0012200000VBkkEAAT,,
0012200000VBkkFAAT,,
0012200000VBkkHAAT,,
0012200000VBkkKAAT,,
0012200000VBkkLAAT,,
0012200000VBkkMAAT,,
0012200000VBkkNAAT,,
0012200000VBkkOAAT,,
0012200000VBkkPAAT,,
0012200000VBkkfAAD,,
0012200000VBkkjAAD,,
0012200000VBkkkAAD,,
0012200000VBkl4AAD,,
0012200000VBkoLAAT,,
0012200000VBkoMAAT,,
0012200000VBkoNAAT,,
0012200000VBkjmAAD,,
0012200000VBkofAAD,,
0012200000VBkpZAAT,,
0012200000VBkpcAAD,,
0012200000VBkqOAAT,,
0012200000VBkv7AAD,0012200000VBjNIAA1,
0012200000VBkvvAAD,,
0012200000VBkvzAAD,,
0012200000VBkw3AAD,,
0012200000VBl0kAAD,,
0012200000VBl0pAAD,,
0012200000VBl0qAAD,,
0012200000VBl1BAAT,,
0012200000VBl1IAAT,,
0012200000VBl1KAAT,,
0012200000VBl1LAAT,,
0012200000VBl2cAAD,,
0012200000VBl5vAAD,,
0012200000VBl5xAAD,,
0012200000VBl5yAAD,,
0012200000VBl5zAAD,,
0012200000VBl66AAD,,
0012200000VBl79AAD,,
0012200000VBl7fAAD,,
0012200000VBl7vAAD,,
0012200000VBlD6AAL,,
0012200000VBlEnAAL,,
0012200000VBlF7AAL,,
0012200000VBlLWAA1,,
0012200000VBlQiAAL,0012200000VBjNIAA1,
0012200000VBkALAA1,0012200000VBkX6AAL,
0012200000VBlcUAAT,,
0012200000VBljgAAD,0012200000VBl2KAAT,
0012200000VBlqlAAD,,
0012200000VBlVTAA1,,
0012200000VBm1nAAD,,
0012200000VBmTEAA1,,
0012200000VBmTGAA1,,
0012200000VBmTwAAL,,
0012200000VBmYYAA1,,
0012200000VBl2KAAT,,
0012200000VBmZCAA1,,
0012200000VBmZIAA1,,
0012200000VBmZzAAL,,
0012200000VBme4AAD,,
0012200000VBmeLAAT,,
0012200000VBnPvAAL,,
0012200000VBninAAD,,
0012200000VBnioAAD,,
0012200000VBnnZAAT,,
0012200000VBnwsAAD,,
0012200000VBnwtAAD,,
0012200000VBnwuAAD,,
0012200000VBnwvAAD,,
0012200000VBnwxAAD,,
